id;entity_type;entity_uuid;value;entity_field
1;revolutionize evolve;Movies HTTP Neck;JSON Regional Brook;Taka Estates navigate
2;Metal;Synergized Regional;overriding Metrics;Pants
3;asymmetric;Washington Niue;Cambridgeshire;actuating Liaison
4;compressing;Handmade Forks;Global interactive;connecting seamless infomediaries
5;Pine;Licensed;Electronics Avon;auxiliary Lead Electronics
6;COM azure driver;back-end Cambridgeshire;Account Soft Unbranded;methodology GB Director
7;Wooden;quantifying;Bermuda web-enabled;Consultant
8;olive;Saint Arizona;Vision-oriented uniform Persistent;rich Lebanese actuating
9;Ohio Shoes encompassing;function;impactful bandwidth;interface
10;Cheese;Loan Frozen;Greens Concrete;grow
